{
    "data": {
        "componentName": "experience",
        "expertise": {
            "fast": "Fast",
            "fastContent": "Fast load times and lag free interaction, my highest priority.",
            "responsive": "Responsive",
            "resContent": "My layouts will work on any device, big or small.",
            "intuitive": "Intuitive",
            "IntuitiveContent": "Strong preference for easy to use, intuitive UX/UI.",
            "dynamic": "Dynamic",
            "dynamicContent": "Websites don't have to be static, I love making pages come to life."
        },
        "experience1": {
            "companyName": "Futech Internet Pvt. Ltd",
            "rolResp": "Role and Responsibility",
            "expRange": "07/2020 - Present",
            "Role": "Jr. Front-end Developer",
            "projName": "Admin Dashboard",
            "projP1": {
                "p1": "Develop web pages by using HTML, and CSS and deploy the script using with JavaScript.",
                "p2": "vdo.ai",
                "p3": "atlas.co"
            },
            "projP2": "Admin dashboard developed by HTML, CSS, JS, Bootstrap, JQuery, Ajax.",
            "projP3": "Admin dashboard developed by HTML, CSS, Material-UI, React-js, Ajax."
        },
        "experience2": {
            "companyName": "NIIT LTD.",
            "rolResp": "Role and Responsibility",
            "expRange": "04/2019 - 05-2020",
            "Role": "HTML Developer",
            "proj1": {
                "projName": "Angular Project",
                "p1": "Designed the web pages by using HTML, XHTML, CSS and deploy the script using with JavaScript.",
                "p2": "Implemented user interface guidelines and standards throughout the development and maintenance of the website using JavaScript, JQuery, CSS and HTML.",
                "p3": "Implemented and designed user interface for web based customer application.",
                "p4": "Created Responsive Designs (Mobile/Tablet/Desktop) using HTML & CSS, Bootstrap.",
                "p5": "Used JSON for data exchange between client and server.",
                "p6": "Used Local Storage to store & retrieve insensitive user data during transition between the different pages.",
                "p7": "Used JIRA to keep track of bugs to reduce downtime, increase productivity, and improve communication.",
                "p8": "Extensively used the repositories like GIT and SVN.",
                "p9": "Experience working with Single Page Application using Angular."
            },
            "proj2": {
                "projName": "ePub Project",
                "p1": "Converted design files PDF into eBooks Created reflowable and fixed-layout ePub 2/3.",
                "p2": "Develop resuable code for the static eBooks.",
                "p3": "Develop eBooks responsive.",
                "p4": "eBooks all pages, tags, class, ID, etc follow W3 standards.",
                "p5": "Fixed bugs after convert PDF to ePub file, that is related to HTML, CSS, JavaScript.",
                "p6": "Used JIRA to keep track of bugs to reduce downtime, increase productivity, and improve communication.",
                "p7": "Extensively used the repositories like SVN."
            },
            "proj3": {
                "projName": "QTI Project",
                "p1": "Extract the question XML form question XML file with specific id.",
                "p2": "Map all question with Learnosity.com.",
                "p3": "Check all question content and answer.",
                "p4": "Fixed 40+ question XML tamplate bugs.",
                "p5": "Used JIRA to keep track of bugs to reduce downtime, increase productivity, and improve communication.",
                "p6": "Extensively used the repositories like SVN."
            }
        },
        "experience3": {
            "companyName": "Oodles Tech. Pvt. Ltd.",
            "rolResp": "Role and Responsibility",
            "expRange": "04/2018 - 07-2018",
            "Role": "Assistant Consultant Front End Developer",
            "proj1": {
                "projName": "Angular Project",
                "p1": "Around 4 months of experience in developing User Interfaces for Mobile/Tablet/Desktop using HTML, CSS, JavaScript, bootstrap.",
                "p2": "Implemented user interface guidelines and standards throughout the development and maintenance of the website using JavaScript, JQuery, CSS and HTML.",
                "p3": "PSD to responsive designs (Mobile/Tablet/Desktop) using HTML & CSS, Bootstrap.",
                "p4": "Experience integrating RESTful services (API’s). Used JSON for data transfer between front-end and back-end.",
                "p5": "Used Local Storage to store & retrieve insensitive user data during transition between the different pages.",
                "p6": "Used JIRA to keep track of bugs to reduce downtime, increase productivity, and improve communication.",
                "p7": "Extensively used the repositories like GIT and SVN.",
                "p8": "Experience working with Single Page Application using Angular."
            }
        }
    }
}