{
    "data": {
        "componentName": "Skills",
        "Markup": {
            "Markup": "Markup",
            "HTML5": {
                "skillName": "HTML5",
                "percent": 80,
                "radius": "100",
                "radiusS": "60",
                "outerStrokeWidth": "10",
                "innerStrokeWidth": "6",
                "outerStrokeColor": "#e44d26",
                "innerStrokeColor": "#f16529",
                "imageSrc": "../../assets/html5.png",
                "imageHeight": "50",
                "imageWidth": "50",
                "showImage": "true",
                "showBackground": "false",
                "showTitle": "true",
                "title": "HTML5"
            },
            "XML": {
                "skillName": "XML",
                "percent": "80",
                "radius": "100",
                "radiusS": "60",
                "outerStrokeWidth": "10",
                "innerStrokeWidth": "6",
                "outerStrokeColor": "#f16529",
                "innerStrokeColor": "#ef8a22",
                "imageSrc": "../../assets/xml.png",
                "imageHeight": "50",
                "imageWidth": "50",
                "showImage": "true",
                "showBackground": "false",
                "showTitle": "true",
                "title": "XML"
            }
        },
        "Styling": {
            "styling": "Styling",
            "CSS": {
                "skillName": "CSS3",
                "percent": "80",
                "radius": "100",
                "radiusS": "60",
                "outerStrokeWidth": "10",
                "innerStrokeWidth": "6",
                "outerStrokeColor": "#3b9adb",
                "innerStrokeColor": "#71b2de",
                "imageSrc": "../../assets/css3.png",
                "imageHeight": "50",
                "imageWidth": "50",
                "showImage": "true",
                "showBackground": "false",
                "showTitle": "true",
                "title": "CSS3"
            },
            "LESS": {
                "skillName": "LESS",
                "percent": "70",
                "radius": "100",
                "radiusS": "60",
                "outerStrokeWidth": "10",
                "innerStrokeWidth": "6",
                "outerStrokeColor": "#2a4f84",
                "innerStrokeColor": "#627fa7",
                "imageSrc": "../../assets/less.png",
                "imageHeight": "50",
                "imageWidth": "50",
                "showImage": "true",
                "showBackground": "false",
                "showTitle": "true",
                "title": "LESS"
            }
        },
        "Script": {
            "script": "script",
            "JavaScript": {
                "skillName": "JavaScript",
                "percent": "80",
                "radius": "100",
                "radiusS": "60",
                "outerStrokeWidth": "10",
                "innerStrokeWidth": "6",
                "outerStrokeColor": "#e44d26",
                "innerStrokeColor": "#f16529",
                "imageSrc": "../../assets/javascript.png",
                "imageHeight": "50",
                "imageWidth": "50",
                "showImage": "true",
                "showBackground": "false",
                "showTitle": "true",
                "title": "JavaScript"
            }
        },
        "FrameWorks": {
            "FrameWorks": "Frameworks",
            "Angular": {
                "skillName": "Angular",
                "percent": "80",
                "radius": "100",
                "radiusS": "60",
                "outerStrokeWidth": "10",
                "innerStrokeWidth": "6",
                "outerStrokeColor": "#e44d26",
                "innerStrokeColor": "#f16529",
                "imageSrc": "../../assets/angular.png",
                "imageHeight": "50",
                "imageWidth": "50",
                "showImage": "true",
                "showBackground": "false",
                "showTitle": "true",
                "title": "Angular"
            },
            "Bootstrap": {
                "skillName": "Bootstrap",
                "percent": "80",
                "radius": "100",
                "radiusS": "60",
                "outerStrokeWidth": "10",
                "innerStrokeWidth": "6",
                "outerStrokeColor": "#e44d26",
                "innerStrokeColor": "#f16529",
                "imageSrc": "../../assets/bootstrap.png",
                "imageHeight": "50",
                "imageWidth": "50",
                "showImage": "true",
                "showBackground": "false",
                "showTitle": "true",
                "title": "Bootstrap"
            }
        },
        "CMS": {
            "CMS": "CMS",
            "skillName": "Wordpress",
            "percent": "80",
            "radius": "100",
            "radiusS": "60",
            "outerStrokeWidth": "10",
            "innerStrokeWidth": "6",
            "outerStrokeColor": "#e44d26",
            "innerStrokeColor": "#f16529",
            "imageSrc": "../../assets/wordpress.png",
            "imageHeight": "50",
            "imageWidth": "50",
            "showImage": "true",
            "showBackground": "false",
            "showTitle": "true",
            "title": "Wordpress"
        },
        "others": {
            "others": "others",
            "GitHub": {
                "skillName": "Github",
                "percent": "80",
                "radius": "100",
                "radiusS": "60",
                "outerStrokeWidth": "10",
                "innerStrokeWidth": "6",
                "outerStrokeColor": "#e44d26",
                "innerStrokeColor": "#f16529",
                "imageSrc": "../../assets/github.png",
                "imageHeight": "50",
                "imageWidth": "50",
                "showImage": "true",
                "showBackground": "false",
                "showTitle": "true",
                "title": "GitHub"
            },
            "PhotoShop": {
                "skillName": "Photoshop",
                "percent": "80",
                "radius": "100",
                "radiusS": "60",
                "outerStrokeWidth": "10",
                "innerStrokeWidth": "6",
                "outerStrokeColor": "#e44d26",
                "innerStrokeColor": "#f16529",
                "imageSrc": "../../assets/photoshop.png",
                "imageHeight": "50",
                "imageWidth": "50",
                "showImage": "true",
                "showBackground": "false",
                "showTitle": "true",
                "title": "Photoshop"
            },
            "PowerPoint": {
                "skillName": "PowerPoint",
                "percent": "80",
                "radius": "100",
                "radiusS": "60",
                "outerStrokeWidth": "10",
                "innerStrokeWidth": "6",
                "outerStrokeColor": "#e44d26",
                "innerStrokeColor": "#f16529",
                "imageSrc": "../../assets/power-point.png",
                "imageHeight": "50",
                "imageWidth": "50",
                "showImage": "true",
                "showBackground": "false",
                "showTitle": "true",
                "title": "Power Point"
            },
            "Excel": {
                "skillName": "Excel",
                "percent": "80",
                "radius": "100",
                "radiusS": "60",
                "outerStrokeWidth": "10",
                "innerStrokeWidth": "6",
                "outerStrokeColor": "#e44d26",
                "innerStrokeColor": "#f16529",
                "imageSrc": "../../assets/excel.jpg",
                "imageHeight": "50",
                "imageWidth": "50",
                "showImage": "true",
                "showBackground": "false",
                "showTitle": "true",
                "title": "Excel"
            },
            "StoryLine": {
                "skillName": "Storyline",
                "percent": "80",
                "radius": "100",
                "radiusS": "60",
                "outerStrokeWidth": "10",
                "innerStrokeWidth": "6",
                "outerStrokeColor": "#e44d26",
                "innerStrokeColor": "#f16529",
                "imageSrc": "../../assets/storyline.jpg",
                "imageHeight": "50",
                "imageWidth": "50",
                "showImage": "true",
                "showBackground": "false",
                "showTitle": "true",
                "title": "Storyline"
            },
            "World": {
                "skillName": "Word",
                "percent": "80",
                "radius": "100",
                "radiusS": "60",
                "outerStrokeWidth": "10",
                "innerStrokeWidth": "6",
                "outerStrokeColor": "#e44d26",
                "innerStrokeColor": "#f16529",
                "imageSrc": "../../assets/word.png",
                "imageHeight": "50",
                "imageWidth": "50",
                "showImage": "true",
                "showBackground": "false",
                "showTitle": "true",
                "title": "Word"
            }
        }
    }
}